City_ID,City,Country,Date,Lat,Lng,Max Temp,Humidity,Cloudiness,Wind Speed
0,Vaini,TO,2022-09-22 01:25:41,-21.2,-175.2,82.56,78,40,10.36
1,Rio Gallegos,AR,2022-09-22 01:21:36,-51.6226,-69.2181,46.45,76,40,29.93
2,Punta Arenas,CL,2022-09-22 01:25:41,-53.15,-70.9167,48.31,71,75,8.05
3,Soyo,AO,2022-09-22 01:25:41,-6.1349,12.3689,73.38,87,100,6.73
4,Mormugao,IN,2022-09-22 01:25:42,15.4,73.8,74.46,88,40,2.3
5,Mudon,MM,2022-09-22 01:25:42,16.2578,97.7164,77.02,90,98,2.86
6,Hokitika,NZ,2022-09-22 01:25:42,-42.7167,170.9667,58.75,54,0,6.46
7,Tombouctou,ML,2022-09-22 01:25:42,20.0,-3.0,89.37,41,4,7.25
8,Busselton,AU,2022-09-22 01:25:43,-33.65,115.3333,52.34,61,100,5.37
9,Cidreira,BR,2022-09-22 01:25:43,-30.1811,-50.2056,60.66,94,100,7.47
10,Concarneau,FR,2022-09-22 01:25:43,47.875,-3.9225,53.82,81,8,4.83
11,East London,ZA,2022-09-22 01:25:44,-33.0153,27.9116,59.45,71,0,6.2
12,Nikolskoye,RU,2022-09-22 01:25:44,59.7035,30.7861,46.78,97,15,2.93
13,Hilo,US,2022-09-22 01:25:44,19.7297,-155.09,89.28,72,0,10.36
14,Ushuaia,AR,2022-09-22 01:21:10,-54.8,-68.3,47.86,57,40,18.41
15,Castro,BR,2022-09-22 01:20:55,-24.7911,-50.0119,58.69,99,100,0.85
16,Ossora,RU,2022-09-22 01:25:45,59.2353,163.0719,47.84,64,53,28.99
17,Mahebourg,MU,2022-09-22 01:25:45,-20.4081,57.7,71.26,94,75,13.8
18,Jerome,US,2022-09-22 01:21:51,42.7241,-114.5186,70.45,40,0,12.66
19,Butaritari,KI,2022-09-22 01:25:46,3.0707,172.7902,81.81,70,100,8.68
20,Mattru,SL,2022-09-22 01:25:46,7.6244,-11.8332,72.37,98,100,2.35
21,Kapaa,US,2022-09-22 01:25:46,22.0752,-159.319,85.98,68,20,11.5
22,Puerto Ayora,EC,2022-09-22 01:25:46,-0.7393,-90.3518,67.55,92,57,10.0
23,Pisco,PE,2022-09-22 01:25:47,-13.7,-76.2167,61.02,77,75,10.36
24,Ayan,RU,2022-09-22 01:25:47,56.45,138.1667,49.06,56,23,4.18
25,Half Moon Bay,US,2022-09-22 01:25:47,37.4636,-122.4286,73.8,66,0,18.41
26,Bambous Virieux,MU,2022-09-22 01:25:48,-20.3428,57.7575,71.22,94,75,13.8
27,Santa Fe,AR,2022-09-22 01:21:47,-31.6333,-60.7,55.02,75,100,7.0
28,Aklavik,CA,2022-09-22 01:25:48,68.2191,-135.0107,46.13,67,91,4.0
29,Acapulco,MX,2022-09-22 01:21:18,16.8634,-99.8901,82.22,74,75,3.44
30,Katsuura,JP,2022-09-22 01:25:49,35.1333,140.3,72.01,68,98,19.89
31,Qaanaaq,GL,2022-09-22 01:25:49,77.484,-69.3632,26.58,64,96,7.52
32,Longyearbyen,SJ,2022-09-22 01:25:49,78.2186,15.6401,33.64,64,20,25.32
33,Hithadhoo,MV,2022-09-22 01:25:49,-0.6,73.0833,81.41,74,29,7.85
34,Guasdualito,VE,2022-09-22 01:25:50,7.2424,-70.7324,73.4,100,75,8.05
35,The Pas,CA,2022-09-22 01:25:17,53.8251,-101.2541,50.02,66,20,8.05
36,Hobart,AU,2022-09-22 01:21:55,-42.8794,147.3294,70.05,57,20,6.91
37,San Quintin,MX,2022-09-22 01:25:50,30.4833,-115.95,72.25,70,11,18.28
38,Vanavara,RU,2022-09-22 01:25:50,60.34,102.2797,32.86,97,100,10.27
39,Rikitea,PF,2022-09-22 01:23:13,-23.1203,-134.9692,73.17,71,0,12.97
40,Waingapu,ID,2022-09-22 01:25:51,-9.6567,120.2641,86.54,58,6,9.75
41,Bengkulu,ID,2022-09-22 01:25:51,-3.8004,102.2655,74.84,90,99,3.29
42,Constitucion,CL,2022-09-22 01:25:51,-35.3333,-72.4167,46.8,77,6,9.53
43,Kolyvan,RU,2022-09-22 01:25:52,55.3053,82.7391,51.42,81,90,6.51
44,Oum Hadjer,TD,2022-09-22 01:25:52,13.2954,19.6966,81.28,62,85,6.42
45,Albany,US,2022-09-22 01:21:03,42.6001,-73.9662,69.58,83,89,4.34
46,Airai,TL,2022-09-22 01:25:52,-8.9266,125.4092,76.28,41,68,4.99
47,Ilulissat,GL,2022-09-22 01:25:53,69.2167,-51.1,33.82,86,100,0.0
48,Laguna,US,2022-09-22 01:26:53,38.421,-121.4238,78.78,46,0,6.91
49,Mar Del Plata,AR,2022-09-22 01:26:54,-38.0023,-57.5575,53.1,83,0,7.0
50,Bluff,NZ,2022-09-22 01:26:54,-46.6,168.3333,59.81,71,25,3.94
51,Cape Town,ZA,2022-09-22 01:26:53,-33.9258,18.4232,56.12,85,0,5.75
52,Tahoua,NE,2022-09-22 01:26:55,14.8888,5.2692,87.19,45,37,3.76
53,Klaksvik,FO,2022-09-22 01:26:55,62.2266,-6.589,52.72,89,1,12.73
54,Te Anau,NZ,2022-09-22 01:26:55,-45.4167,167.7167,55.17,64,20,2.1
55,Antalaha,MG,2022-09-22 01:26:56,-14.9003,50.2788,71.1,91,100,12.66
56,Kavaratti,IN,2022-09-22 01:26:56,10.5669,72.642,80.67,72,12,7.61
57,Iqaluit,CA,2022-09-22 01:26:56,63.7506,-68.5145,38.93,69,100,13.8
58,Kitob,UZ,2022-09-22 01:26:57,39.0843,66.8332,70.77,27,0,5.23
59,Hermanus,ZA,2022-09-22 01:26:57,-34.4187,19.2345,56.39,70,14,5.44
60,Saint-Philippe,RE,2022-09-22 01:26:57,-21.3585,55.7679,71.19,81,50,12.21
61,Victoria,HK,2022-09-22 01:26:03,22.2855,114.1577,85.24,74,65,11.01
62,Jamestown,US,2022-09-22 01:24:13,42.097,-79.2353,76.59,73,40,8.05
63,Luan,CH,2022-09-22 01:26:58,46.3592,6.9759,43.86,90,0,3.56
64,Otane,NZ,2022-09-22 01:26:58,-39.8833,176.6333,55.0,90,100,7.63
65,Kovdor,RU,2022-09-22 01:26:59,67.5662,30.4758,40.03,95,100,7.05
66,Broome,US,2022-09-22 01:26:59,42.2506,-75.833,69.19,81,0,8.05
67,Tshikapa,CD,2022-09-22 01:26:59,-6.4167,20.8,70.34,98,100,2.98
68,Kholtoson,RU,2022-09-22 01:27:00,50.2981,103.3097,40.68,61,14,1.92
69,Luwuk,ID,2022-09-22 01:27:00,-0.9516,122.7875,80.98,79,100,1.32
70,Port Alfred,ZA,2022-09-22 01:27:00,-33.5906,26.891,61.34,69,0,7.74
71,Juneau,US,2022-09-22 01:24:47,58.3019,-134.4197,55.4,94,100,8.05
72,Healdsburg,US,2022-09-22 01:27:01,38.6105,-122.8692,75.43,53,40,9.22
73,Sibolga,ID,2022-09-22 01:27:01,1.7427,98.7792,71.74,91,100,5.06
74,Jodhpur,IN,2022-09-22 01:27:02,26.2867,73.03,79.66,60,87,8.48
75,Ribeira Grande,PT,2022-09-22 01:27:00,38.5167,-28.7,74.62,83,40,9.48
76,Hofn,IS,2022-09-22 01:27:02,64.2539,-15.2082,51.17,79,100,3.29
77,Atuona,PF,2022-09-22 01:26:44,-9.8,-139.0333,76.24,82,33,21.23
78,Coihaique,CL,2022-09-22 01:23:02,-45.5752,-72.0662,46.35,61,75,4.61
79,Urucara,BR,2022-09-22 01:27:03,-2.5364,-57.76,84.33,45,76,1.41
80,Kavieng,PG,2022-09-22 01:23:13,-2.5744,150.7967,83.35,69,26,8.61
81,Whitley Bay,GB,2022-09-22 01:25:25,55.0397,-1.4471,57.99,82,20,6.91
82,Flinders,AU,2022-09-22 01:27:04,-34.5833,150.8552,61.27,87,100,11.95
83,Faanui,PF,2022-09-22 01:27:04,-16.4833,-151.75,78.98,69,0,18.34
84,Geraldton,AU,2022-09-22 01:26:39,-28.7667,114.6,63.01,82,0,4.61
85,Dawson Creek,CA,2022-09-22 01:25:29,55.7666,-120.2362,69.44,37,0,3.44
86,Port Lincoln,AU,2022-09-22 01:27:05,-34.7333,135.8667,60.57,69,44,6.55
87,Golden,US,2022-09-22 01:27:05,39.7555,-105.2211,59.02,93,100,5.75
88,Poum,NC,2022-09-22 01:27:06,-20.2333,164.0167,76.53,72,18,9.51
89,Zelenoborsk,RU,2022-09-22 01:27:06,61.4669,64.0333,42.89,74,0,10.13
90,Dubbo,AU,2022-09-22 01:24:00,-32.25,148.6167,66.33,72,40,8.05
91,Santa Engracia,ES,2022-09-22 01:27:06,41.9406,-1.3245,62.19,64,0,7.31
92,Galle,LK,2022-09-22 01:27:07,6.0367,80.217,79.23,83,42,9.51
93,Nome,US,2022-09-22 01:28:07,64.5011,-165.4064,44.67,82,100,26.46
94,Amapa,BR,2022-09-22 01:28:07,1.0,-52.0,73.78,89,4,5.28
95,Mus,TR,2022-09-22 01:28:08,39.0,41.75,56.43,75,100,1.01
96,Avarua,CK,2022-09-22 01:28:07,-21.2078,-159.775,77.05,69,75,18.41
97,Mataura,NZ,2022-09-22 01:26:34,-46.1927,168.8643,59.49,47,14,0.2
98,Salalah,OM,2022-09-22 01:28:08,17.0151,54.0924,80.69,78,75,3.44
99,Chuy,UY,2022-09-22 01:28:09,-33.6971,-53.4616,51.26,80,100,5.86
100,Envigado,CO,2022-09-22 01:28:09,6.1706,-75.5853,67.1,97,40,2.3
101,Parabel,RU,2022-09-22 01:28:09,58.6978,81.4825,50.27,90,87,8.72
102,Kahului,US,2022-09-22 01:28:10,20.8947,-156.47,87.82,66,40,21.85
103,Saskylakh,RU,2022-09-22 01:28:10,71.9167,114.0833,21.67,88,71,4.14
104,Leningradskiy,RU,2022-09-22 01:28:10,69.3833,178.4167,36.23,97,100,15.75
105,Meulaboh,ID,2022-09-22 01:27:59,4.1363,96.1285,75.79,81,100,2.51
106,Churapcha,RU,2022-09-22 01:28:11,62.0025,132.4325,34.61,61,90,13.29
107,Kijang,KR,2022-09-22 01:28:11,35.2442,129.2139,67.73,64,5,11.03
108,Omsukchan,RU,2022-09-22 01:28:11,62.5333,155.8,32.23,76,100,3.78
109,Barrow,US,2022-09-22 01:27:08,71.2906,-156.7887,39.22,81,100,8.05
110,Hambantota,LK,2022-09-22 01:28:12,6.1241,81.1185,79.14,94,20,4.61
111,Cockburn Town,TC,2022-09-22 01:28:00,21.4612,-71.1419,83.03,84,100,17.56
112,Matay,EG,2022-09-22 01:28:12,28.419,30.7792,77.41,36,0,4.05
113,Cabo San Lucas,MX,2022-09-22 01:26:04,22.8909,-109.9124,84.61,77,0,6.91
114,Pemba,MZ,2022-09-22 01:28:13,-12.974,40.5178,72.3,88,20,4.61
115,Changji,CN,2022-09-22 01:28:13,44.0167,87.3167,66.99,24,0,6.71
116,Russkaya Polyana,UA,2022-09-22 01:28:14,49.417,31.9201,46.22,92,17,6.26
117,Huilong,CN,2022-09-22 01:28:14,31.8111,121.655,76.93,70,59,7.85
118,Nhamunda,BR,2022-09-22 01:28:14,-2.1861,-56.7131,81.0,50,45,1.54
119,Tual,ID,2022-09-22 01:27:32,-5.6667,132.75,81.09,82,100,17.36
120,Vila Velha,BR,2022-09-22 01:28:15,-20.3297,-40.2925,76.95,87,0,11.5
121,Monroe,US,2022-09-22 01:28:15,43.1501,-77.6831,76.24,77,40,5.75
122,Port Elizabeth,ZA,2022-09-22 01:27:28,-33.918,25.5701,52.09,93,0,3.44
123,Kudahuvadhoo,MV,2022-09-22 01:28:15,2.6708,72.8944,82.0,71,8,7.07
124,Tasiilaq,GL,2022-09-22 01:27:07,65.6145,-37.6368,35.76,80,8,4.72
125,Azanka,RU,2022-09-22 01:28:16,58.0401,64.7893,53.02,82,100,3.13
126,Elat,IL,2022-09-22 01:27:50,29.5581,34.9482,73.24,60,0,4.61
127,Tilichiki,RU,2022-09-22 01:28:16,60.4667,166.1,43.86,78,100,24.11
128,Terra Santa,BR,2022-09-22 01:28:16,-2.1042,-56.4869,81.55,49,45,2.89
129,Massakory,TD,2022-09-22 01:28:17,12.996,15.7293,83.08,68,9,4.76
130,Khatanga,RU,2022-09-22 01:28:17,71.9667,102.5,24.28,72,8,16.35
131,Terrell,US,2022-09-22 01:28:18,32.736,-96.2753,87.31,57,0,0.0
132,Lucapa,AO,2022-09-22 01:28:18,-8.4192,20.7447,68.47,89,100,1.79
133,Nanortalik,GL,2022-09-22 01:28:18,60.1432,-45.2371,43.79,71,100,2.59
134,Kifri,IQ,2022-09-22 01:28:18,34.6959,44.9661,81.73,34,82,10.22
135,New Norfolk,AU,2022-09-22 01:28:19,-42.7826,147.0587,67.87,50,3,3.71
136,Port-Cartier,CA,2022-09-22 01:27:09,50.0334,-66.8654,50.22,98,100,3.15
137,Conde,BR,2022-09-22 01:28:19,-7.2597,-34.9075,74.66,88,20,2.3
138,Cutervo,PE,2022-09-22 01:28:19,-6.379,-78.8157,53.92,80,100,2.13
139,Kodiak,US,2022-09-22 01:29:20,57.79,-152.4072,56.71,38,20,10.36
140,Fuling,CN,2022-09-22 01:29:20,29.7022,107.3919,65.93,96,100,1.21
141,Port Keats,AU,2022-09-22 01:29:21,-14.25,129.55,87.13,59,11,7.43
142,Tucurui,BR,2022-09-22 01:29:21,-3.7661,-49.6725,80.06,51,13,3.4
143,Oriximina,BR,2022-09-22 01:29:21,-1.7656,-55.8661,85.28,49,74,3.71
144,Kaitangata,NZ,2022-09-22 01:29:22,-46.2817,169.8464,56.43,62,10,5.48
145,Georgetown,MY,2022-09-22 01:29:22,5.4112,100.3354,80.89,82,40,9.22
146,Daru,PG,2022-09-22 01:27:23,-9.0763,143.2092,81.12,84,97,13.65
147,Yuzhno-Kurilsk,RU,2022-09-22 01:29:23,44.0306,145.8556,60.49,68,0,8.43
148,Phetchaburi,TH,2022-09-22 01:29:23,12.9667,99.5833,75.72,90,100,2.48
149,Bosaso,SO,2022-09-22 01:29:24,11.2842,49.1816,86.38,62,91,3.36
150,Cabedelo,BR,2022-09-22 01:29:24,-6.9811,-34.8339,75.87,84,0,10.22
151,Torbay,CA,2022-09-22 01:29:25,47.6666,-52.7314,56.26,85,100,16.11
152,Tiksi,RU,2022-09-22 01:26:31,71.6872,128.8694,33.31,98,100,13.09
153,Souillac,MU,2022-09-22 01:29:25,-20.5167,57.5167,70.18,94,75,13.8
154,Puerto Escondido,MX,2022-09-22 01:29:26,15.85,-97.0667,79.63,57,75,0.0
155,Prince Rupert,CA,2022-09-22 01:28:52,54.3161,-130.3201,66.29,62,0,2.3
156,Esperance,AU,2022-09-22 01:29:26,-33.8667,121.9,56.62,64,100,13.98
157,Svetlogorsk,BY,2022-09-22 01:29:26,52.6333,29.7333,46.56,95,100,8.14
158,Mirnyy,RU,2022-09-22 01:29:27,62.5353,113.9611,28.24,63,100,4.0
159,Kattivakkam,IN,2022-09-22 01:29:28,13.2167,80.3167,82.49,73,96,13.73
160,Moron,AR,2022-09-22 01:29:28,-34.6534,-58.6198,58.75,69,100,3.2
161,Sumter,US,2022-09-22 01:29:28,28.7086,-82.0831,80.1,82,0,10.47
162,Marawi,PH,2022-09-22 01:29:29,7.9986,124.2928,76.91,73,96,2.01
163,Christchurch,NZ,2022-09-22 01:28:29,-43.5333,172.6333,60.42,65,26,8.05
164,Nalut,LY,2022-09-22 01:29:29,30.3333,10.85,79.0,60,9,18.1
165,Hasaki,JP,2022-09-22 01:29:09,35.7333,140.8333,72.28,68,96,17.96
166,Narsaq,GL,2022-09-22 01:29:29,60.9167,-46.05,39.42,62,100,2.93
167,Ancud,CL,2022-09-22 01:29:30,-41.8697,-73.8203,47.23,90,100,14.05
168,Birao,CF,2022-09-22 01:29:30,10.2849,22.7882,72.32,89,79,1.05
169,Codrington,AU,2022-09-22 01:29:30,-38.2667,141.9667,58.66,80,96,3.74
170,Prado,BR,2022-09-22 01:29:31,-17.3411,-39.2208,73.96,85,79,13.2
171,Oussouye,SN,2022-09-22 01:28:36,12.485,-16.5469,76.24,91,100,5.7
172,Kindu,CD,2022-09-22 01:29:31,-2.95,25.95,70.75,96,100,0.58
173,Gamba,GA,2022-09-22 01:29:31,-2.65,10.0,74.59,87,100,4.47
174,Moree,AU,2022-09-22 01:29:32,-29.4667,149.85,67.1,61,14,7.67
175,Fortuna,US,2022-09-22 01:29:32,40.5982,-124.1573,63.09,84,84,2.84
176,Ponta Delgada,PT,2022-09-22 01:29:33,37.7333,-25.6667,70.52,88,20,2.3
177,Siuna,NI,2022-09-22 01:29:33,13.7332,-84.7773,74.03,94,100,0.94
178,Sur,OM,2022-09-22 01:29:33,22.5667,59.5289,80.98,71,0,9.4
179,Coquimbo,CL,2022-09-22 01:29:34,-29.9533,-71.3436,55.13,62,0,8.05
180,Asau,RO,2022-09-22 01:29:34,46.4333,26.4,45.52,91,86,3.6
181,Komsomolskiy,UZ,2022-09-22 01:29:34,40.4272,71.7189,65.12,45,0,0.0
182,Tukrah,LY,2022-09-22 01:29:34,32.5341,20.5791,75.69,71,72,15.59
183,Mehamn,NO,2022-09-22 01:29:38,71.0357,27.8492,48.15,100,100,11.5
184,Puri,IN,2022-09-22 01:30:38,19.8,85.85,79.32,75,66,10.94
185,Tashtagol,RU,2022-09-22 01:30:39,52.7657,87.8894,53.38,64,68,2.01
186,Cherskiy,RU,2022-09-22 01:30:39,68.75,161.3,47.5,47,3,6.42
187,Paita,PE,2022-09-22 01:30:39,-5.0892,-81.1144,63.18,83,29,16.46
188,Lachute,CA,2022-09-22 01:27:19,45.6501,-74.3325,64.45,96,100,2.84
189,Flin Flon,CA,2022-09-22 01:30:40,54.7682,-101.865,41.4,77,16,4.38
190,Ponta Do Sol,PT,2022-09-22 01:30:40,32.6667,-17.1,74.03,85,8,3.67
191,College,US,2022-09-22 01:30:41,64.8569,-147.8028,45.59,80,75,4.61
192,San Cristobal,VE,2022-09-22 01:30:41,7.7669,-72.225,69.98,96,100,1.45
193,Fleet,GB,2022-09-22 01:30:41,51.2833,-0.8333,54.79,73,0,1.14
194,Yar-Sale,RU,2022-09-22 01:30:42,66.8333,70.8333,37.42,76,87,26.08
195,Chokurdakh,RU,2022-09-22 01:30:42,70.6333,147.9167,35.15,94,100,9.17
196,Lavrentiya,RU,2022-09-22 01:30:42,65.5833,-171.0,40.71,97,100,25.81
197,Wiarton,CA,2022-09-22 01:30:42,44.7407,-81.1332,64.4,72,20,9.22
198,Izmit,TR,2022-09-22 01:30:43,40.7669,29.9169,57.18,94,75,4.61
199,Bichura,RU,2022-09-22 01:30:44,50.5881,107.6022,41.13,59,27,6.15
200,Richards Bay,ZA,2022-09-22 01:30:44,-28.783,32.0377,59.36,84,2,4.45
201,Vanimo,PG,2022-09-22 01:30:44,-2.6741,141.3028,86.47,63,62,3.31
202,Baijiantan,CN,2022-09-22 01:30:45,45.6333,85.1833,72.72,17,63,3.18
203,Mayumba,GA,2022-09-22 01:30:45,-3.432,10.6554,74.21,90,91,5.3
204,Xuddur,SO,2022-09-22 01:30:45,4.1213,43.8894,71.64,83,24,15.21
205,Tomatlan,MX,2022-09-22 01:30:45,19.9333,-105.25,74.55,95,100,3.33
206,Cervo,ES,2022-09-22 01:30:46,43.6702,-7.4101,60.85,81,37,10.8
207,Hinton,CA,2022-09-22 01:30:46,53.4001,-117.5857,53.94,54,0,3.09
208,Lebu,CL,2022-09-22 01:30:46,-37.6167,-73.65,48.09,83,99,6.29
209,Tres Coracoes,BR,2022-09-22 01:30:47,-21.6969,-45.2533,66.63,79,100,3.6
210,Jinsha,CN,2022-09-22 01:30:47,32.0898,121.0735,77.0,73,62,6.33
211,Marzuq,YE,2022-09-22 01:30:47,14.4,46.4667,77.11,53,43,3.8
212,Rawson,AR,2022-09-22 01:30:48,-43.3002,-65.1023,45.77,90,10,8.63
213,Nisia Floresta,BR,2022-09-22 01:30:48,-6.0911,-35.2086,80.98,90,11,6.51
214,Skibbereen,IE,2022-09-22 01:30:48,51.55,-9.2667,60.58,94,100,16.87
215,Akureyri,IS,2022-09-22 01:30:49,65.6835,-18.0878,46.33,93,0,1.14
216,Kiruna,SE,2022-09-22 01:30:49,67.8557,20.2251,38.32,93,75,3.44
217,Dikson,RU,2022-09-22 01:30:50,73.5069,80.5464,26.92,91,100,26.06
218,Oranjemund,NA,2022-09-22 01:30:50,-28.55,16.4333,54.48,81,0,2.26
219,Zhicheng,CN,2022-09-22 01:30:50,30.2956,111.5047,74.66,67,51,1.14
220,Balkanabat,TM,2022-09-22 01:27:42,39.5108,54.3671,81.57,16,0,8.97
221,Atherton,GB,2022-09-22 01:30:51,53.5237,-2.4935,56.75,85,100,1.01
222,Ulladulla,AU,2022-09-22 01:30:51,-35.35,150.4667,61.11,82,100,4.88
223,Turayf,SA,2022-09-22 01:30:51,31.6725,38.6637,62.85,88,0,5.75
224,Coahuayana,MX,2022-09-22 01:30:52,18.7333,-103.6833,75.94,94,100,1.45
225,Huarmey,PE,2022-09-22 01:30:52,-10.0681,-78.1522,62.06,86,81,9.33
226,Rajula,IN,2022-09-22 01:30:52,21.05,71.4333,74.88,88,19,7.9
227,Inirida,CO,2022-09-22 01:26:33,3.8653,-67.9239,70.38,98,96,2.84
228,Wageningen,NL,2022-09-22 01:30:53,51.9667,5.6667,47.95,90,6,2.3
229,Nguru,NG,2022-09-22 01:31:53,12.8791,10.4526,79.63,62,6,5.37
230,Yellowknife,CA,2022-09-22 01:31:53,62.456,-114.3525,55.92,71,75,8.05
231,Monrovia,LR,2022-09-22 01:31:00,6.3005,-10.7969,74.95,90,87,5.57
232,Malartic,CA,2022-09-22 01:31:54,48.1335,-78.1328,56.01,96,6,6.31
233,Hilton Head Island,US,2022-09-22 01:30:58,32.2163,-80.7526,81.99,84,0,3.44
234,Oravita,RO,2022-09-22 01:31:54,45.0325,21.6894,43.07,91,12,1.12
235,Mahibadhoo,MV,2022-09-22 01:31:54,3.7833,72.9667,81.72,72,53,6.96
236,Buala,SB,2022-09-22 01:31:55,-8.145,159.5921,81.72,73,85,3.49
237,Wuwei,CN,2022-09-22 01:31:55,37.9281,102.6414,64.47,26,6,2.57
238,Kawalu,ID,2022-09-22 01:31:55,-7.3817,108.2082,75.67,89,100,3.15
239,Sao Joao Da Barra,BR,2022-09-22 01:31:56,-21.6403,-41.0511,70.34,93,92,7.34
240,Ahipara,NZ,2022-09-22 01:31:56,-35.1667,173.1667,61.41,70,13,6.33
241,Djougou,BJ,2022-09-22 01:31:56,9.7085,1.666,69.3,97,48,3.56
242,Viedma,AR,2022-09-22 01:31:57,-40.8135,-62.9967,44.92,84,100,8.14
243,Tuktoyaktuk,CA,2022-09-22 01:31:57,69.4541,-133.0374,39.2,93,75,10.36
244,Nhulunbuy,AU,2022-09-22 01:31:58,-12.2333,136.7667,90.21,51,36,13.8
245,Saldanha,ZA,2022-09-22 01:31:58,-33.0117,17.9442,54.81,83,10,5.84
246,Zachary,US,2022-09-22 01:27:04,30.6485,-91.1565,85.75,80,0,3.44
247,Hami,CN,2022-09-22 01:31:58,42.8,93.45,74.57,11,0,8.99
248,Kropotkin,RU,2022-09-22 01:30:11,45.4375,40.5756,59.04,60,100,4.68
249,Kutna Hora,CZ,2022-09-22 01:31:59,49.9484,15.2682,48.06,100,0,5.01
250,Luocheng,CN,2022-09-22 01:31:59,29.3848,104.0286,66.04,97,100,2.51
251,George,ZA,2022-09-22 01:31:59,-33.963,22.4617,51.35,66,16,2.3
252,Vardo,NO,2022-09-22 01:32:00,70.3705,31.1107,46.69,89,100,12.37
253,Severo-Kurilsk,RU,2022-09-22 01:32:00,50.6789,156.125,52.75,65,1,16.33
254,Miles City,US,2022-09-22 01:32:00,46.4083,-105.8406,61.77,29,0,10.36
255,Namibe,AO,2022-09-22 01:27:14,-15.1961,12.1522,66.61,88,89,4.34
256,Vestmannaeyjar,IS,2022-09-22 01:32:01,63.4427,-20.2734,50.36,82,100,4.65
257,Provideniya,RU,2022-09-22 01:32:01,64.3833,-173.3,46.51,93,75,18.01
258,Kununurra,AU,2022-09-22 01:32:02,-15.7667,128.7333,89.58,43,75,6.91
259,Boyolangu,ID,2022-09-22 01:32:02,-8.1181,111.8935,81.0,75,84,11.05
260,Arraial Do Cabo,BR,2022-09-22 01:32:03,-22.9661,-42.0278,68.09,97,100,3.49
261,Guhagar,IN,2022-09-22 01:32:03,17.4842,73.1929,76.8,85,56,3.4
262,Lamar,US,2022-09-22 01:32:04,33.6668,-95.5836,85.35,53,0,5.75
263,Caravelas,BR,2022-09-22 01:27:35,-17.7125,-39.2481,73.94,84,100,11.05
264,Upernavik,GL,2022-09-22 01:32:04,72.7868,-56.1549,30.67,80,45,5.7
265,Rio Cuarto,AR,2022-09-22 01:27:29,-33.1307,-64.3499,42.57,70,0,5.75
266,Yumen,CN,2022-09-22 01:32:05,40.2833,97.2,63.14,15,32,16.84
267,Talnakh,RU,2022-09-22 01:27:06,69.4865,88.3972,36.21,96,100,14.07
268,Khromtau,KZ,2022-09-22 01:32:05,50.2503,58.4347,58.75,18,0,5.95
269,Whitehorse,CA,2022-09-22 01:32:06,60.7161,-135.0538,60.03,55,75,24.16
270,Grand Gaube,MU,2022-09-22 01:28:24,-20.0064,57.6608,71.38,75,11,5.99
271,Aksarka,RU,2022-09-22 01:28:20,66.5606,67.7975,36.55,72,70,25.7
272,Palma Di Montechiaro,IT,2022-09-22 01:32:06,37.1926,13.765,69.31,75,47,8.03
273,Pipri,IN,2022-09-22 01:32:06,19.8,75.5333,70.79,91,100,8.3
274,Mulege,MX,2022-09-22 01:33:07,26.8833,-111.9833,85.53,69,12,3.65
275,Blagoyevo,RU,2022-09-22 01:33:07,63.3667,47.9167,35.8,96,10,2.33
276,Chernyshevskiy,RU,2022-09-22 01:33:07,63.0128,112.4714,30.38,59,100,4.27
277,Sungaipenuh,ID,2022-09-22 01:33:08,-2.0833,101.3833,64.83,90,99,1.32
278,Pevek,RU,2022-09-22 01:33:08,69.7008,170.3133,39.87,67,0,11.16
279,Eureka,US,2022-09-22 01:31:46,40.8021,-124.1637,63.36,83,98,2.08
280,Sudak,UA,2022-09-22 01:33:08,44.85,34.9667,54.23,72,7,8.05
281,Durban,ZA,2022-09-22 01:33:09,-29.8579,31.0292,59.02,88,0,1.01
282,Olafsvik,IS,2022-09-22 01:33:09,64.8945,-23.7142,48.74,89,100,5.66
283,Sucre,BO,2022-09-22 01:33:09,-19.0333,-65.2627,60.28,58,92,7.96
284,Yanji,CN,2022-09-22 01:33:10,42.9075,129.5078,61.34,69,78,3.94
285,Okato,NZ,2022-09-22 01:33:10,-39.2,173.8833,63.91,100,37,12.71
286,Blagodatnoye,RU,2022-09-22 01:33:11,45.3997,42.5867,59.92,96,100,6.02
287,Anchorage,US,2022-09-22 01:30:04,61.2181,-149.9003,49.98,72,100,6.91
288,Ayr,GB,2022-09-22 01:33:11,55.4627,-4.6339,59.5,94,75,12.66
289,Mangan,IN,2022-09-22 01:33:11,27.5167,88.5333,78.33,73,77,1.97
290,Gornyy,RU,2022-09-22 01:33:12,55.1153,83.9059,58.48,55,95,8.86
291,Thompson,CA,2022-09-22 01:31:01,55.7435,-97.8558,41.16,81,40,2.3
292,Lengshuijiang,CN,2022-09-22 01:33:12,27.6881,111.4294,78.93,44,53,0.96
293,Atar,MR,2022-09-22 01:33:13,20.5169,-13.0499,91.38,40,100,10.2
294,Sao Filipe,CV,2022-09-22 01:33:13,14.8961,-24.4956,77.99,79,69,6.78
295,Ozernovskiy,RU,2022-09-22 01:33:13,51.5,156.5167,51.13,78,1,17.69
296,Metro,ID,2022-09-22 01:33:14,-5.1131,105.3067,81.46,73,96,3.38
297,Isangel,VU,2022-09-22 01:33:14,-19.55,169.2667,79.68,73,8,8.88
298,Westport,US,2022-09-22 01:29:21,41.1415,-73.3579,71.74,86,0,11.5
299,Srednekolymsk,RU,2022-09-22 01:33:14,67.45,153.6833,39.24,79,100,6.64
300,Cuamba,MZ,2022-09-22 01:29:06,-14.8031,36.5372,70.48,63,5,7.74
301,Karpogory,RU,2022-09-22 01:33:15,64.0019,44.4451,34.68,96,25,4.05
302,Russell,US,2022-09-22 01:33:15,32.3502,-85.1999,82.0,88,0,0.0
303,Lorengau,PG,2022-09-22 01:33:16,-2.0226,147.2712,85.46,63,25,3.06
304,Ocampo,MX,2022-09-22 01:33:16,21.65,-101.5,57.15,66,71,11.52
305,Doctor Arroyo,MX,2022-09-22 01:33:16,23.6667,-100.1833,66.45,67,9,3.96
306,Husavik,IS,2022-09-22 01:33:17,66.0449,-17.3389,45.82,96,100,7.78
307,Manono,CD,2022-09-22 01:33:17,-7.3,27.4167,70.59,83,97,2.77
308,Norman Wells,CA,2022-09-22 01:33:17,65.282,-126.8329,51.84,76,100,6.91
309,Matagami,CA,2022-09-22 01:33:18,49.7502,-77.6328,50.11,93,100,14.97
310,Carutapera,BR,2022-09-22 01:33:18,-1.195,-46.02,78.22,78,5,8.88
311,Tokmak,UA,2022-09-22 01:33:18,47.2514,35.7058,48.97,71,8,1.16
312,Maryborough,AU,2022-09-22 01:33:18,-25.5333,152.7,72.1,71,68,9.8
313,Anadyr,RU,2022-09-22 01:33:19,64.75,177.4833,43.3,93,100,8.95
314,Novouzensk,RU,2022-09-22 01:33:19,50.4592,48.1431,64.11,45,100,4.27
315,Gat,IL,2022-09-22 01:33:20,31.61,34.7642,72.28,66,0,5.44
316,Acari,PE,2022-09-22 01:33:20,-15.4311,-74.6158,62.19,80,62,3.56
317,Mitu,CO,2022-09-22 01:33:20,1.1983,-70.1733,74.82,87,100,2.55
318,Najran,SA,2022-09-22 01:32:58,17.4924,44.1277,75.85,34,22,2.62
319,Mudbidri,IN,2022-09-22 01:34:21,13.0833,74.9833,73.02,94,40,0.0
320,Sabha,LY,2022-09-22 01:34:21,27.0377,14.4283,80.67,35,0,11.43
321,Surt,LY,2022-09-22 01:34:21,31.2089,16.5887,78.66,77,13,7.23
322,Bathsheba,BB,2022-09-22 01:34:22,13.2167,-59.5167,81.21,83,40,11.5
323,Savannah Bight,HN,2022-09-22 01:34:22,16.45,-85.85,84.11,69,91,8.72
324,Maputo,MZ,2022-09-22 01:34:23,-25.9653,32.5892,63.23,87,75,4.61
325,Phalaborwa,ZA,2022-09-22 01:34:23,-23.943,31.1411,60.12,86,95,3.8
326,Taoudenni,ML,2022-09-22 01:34:23,22.6783,-3.9836,91.51,32,5,5.32
327,Vao,NC,2022-09-22 01:34:24,-22.6667,167.4833,71.8,78,82,15.48
328,Sobolevo,RU,2022-09-22 01:34:24,54.4299,31.8996,46.87,97,100,8.55
329,Truckee,US,2022-09-22 01:34:24,39.328,-120.1833,54.63,78,75,3.44
330,Hukuntsi,BW,2022-09-22 01:34:25,-24.0,21.75,50.81,27,0,9.08
331,Puerto Penasco,MX,2022-09-22 01:30:25,31.3167,-113.5333,85.91,85,85,5.01
332,Honiara,SB,2022-09-22 01:34:25,-9.4333,159.95,81.03,79,77,1.7
333,Filingue,NE,2022-09-22 01:34:25,14.3521,3.3168,84.54,58,79,7.4
334,Nkongsamba,CM,2022-09-22 01:34:26,4.9547,9.9404,65.66,99,100,1.03
335,Surskoye,RU,2022-09-22 01:34:26,54.4821,46.7214,52.79,94,100,1.01
336,San Patricio,US,2022-09-22 01:34:26,28.017,-97.5169,84.15,64,1,8.88
337,Aden,YE,2022-09-22 01:34:27,12.7794,45.0367,87.3,72,79,8.75
338,Bredasdorp,ZA,2022-09-22 01:34:15,-34.5322,20.0403,49.23,82,42,4.54
339,Yaval,IN,2022-09-22 01:34:27,21.1667,75.7,74.12,93,100,8.77
340,Nouadhibou,MR,2022-09-22 01:34:27,20.931,-17.0347,76.98,69,61,16.11
341,Kendal,GB,2022-09-22 01:34:27,54.3268,-2.7476,58.84,86,100,9.53
342,Lasa,IT,2022-09-22 01:34:28,46.6166,10.7002,47.28,82,24,2.17
343,Bethel,US,2022-09-22 01:34:28,41.3712,-73.414,70.16,81,0,8.05
344,Kloulklubed,PW,2022-09-22 01:34:28,7.0419,134.2556,84.7,70,100,7.45
345,Ketchikan,US,2022-09-22 01:34:29,55.3422,-131.6461,64.87,63,0,9.22
346,Esna,EG,2022-09-22 01:34:29,25.2934,32.554,78.82,33,0,9.1
347,Bowen,AU,2022-09-22 01:34:29,-20.0167,148.2333,78.57,68,19,8.68
348,Henties Bay,NA,2022-09-22 01:34:30,-22.116,14.2845,54.84,91,0,4.52
349,Awjilah,LY,2022-09-22 01:34:30,29.1081,21.2869,77.97,50,3,13.44
350,Igarka,RU,2022-09-22 01:34:30,67.4667,86.5833,40.26,99,100,6.89
351,Evensk,RU,2022-09-22 01:34:30,61.95,159.2333,47.01,46,89,9.26
352,Hayvoron,UA,2022-09-22 01:34:31,48.3396,29.8679,44.33,92,20,5.19
353,Providencia,MX,2022-09-22 01:34:32,28.7167,-111.5833,87.06,75,4,9.19
354,Davidson,US,2022-09-22 01:34:32,36.1501,-86.7833,88.09,56,0,4.61
355,Prachuap Khiri Khan,TH,2022-09-22 01:34:32,12.2167,99.75,77.79,79,100,2.62
356,Mount Gambier,AU,2022-09-22 01:34:32,-37.8333,140.7667,53.51,82,100,5.75
357,Port Hedland,AU,2022-09-22 01:34:33,-20.3167,118.5667,84.25,21,0,3.44
358,Vagay,RU,2022-09-22 01:34:33,57.9375,69.0217,53.28,70,96,6.22
359,Krasnoselkup,RU,2022-09-22 01:34:33,65.7,82.4667,41.25,77,100,12.95
360,Sandanski,BG,2022-09-22 01:34:34,41.5667,23.2833,45.88,76,3,4.9
361,Erenhot,CN,2022-09-22 01:34:34,43.6475,111.9767,45.05,28,9,27.83
362,Guerrero Negro,MX,2022-09-22 01:34:34,27.9769,-114.0611,73.98,75,100,12.17
363,Ostrovnoy,RU,2022-09-22 01:34:35,68.0531,39.5131,41.86,77,100,17.18
364,Belmonte,BR,2022-09-22 01:34:35,-15.8631,-38.8828,73.31,87,91,10.2
365,Peniche,PT,2022-09-22 01:34:35,39.3558,-9.3811,67.28,95,0,4.83
366,Avera,US,2022-09-22 01:35:36,33.194,-82.5271,74.71,55,0,1.86
367,Ust-Tarka,RU,2022-09-22 01:35:36,55.5672,75.705,59.02,53,51,5.35
368,Baykit,RU,2022-09-22 01:35:37,61.67,96.37,37.38,99,100,3.24
369,Amga,RU,2022-09-22 01:35:37,60.8953,131.9608,39.72,49,39,8.95
370,Puerto Baquerizo Moreno,EC,2022-09-22 01:35:37,-0.9,-89.6,66.67,84,68,14.38
371,Mubi,NG,2022-09-22 01:35:37,10.2676,13.2644,71.35,90,56,2.42
372,Jeremie,HT,2022-09-22 01:35:38,18.65,-74.1167,80.89,81,66,5.68
373,Sao Jose Da Coroa Grande,BR,2022-09-22 01:35:38,-8.8978,-35.1478,74.95,85,25,8.5
374,Rundu,NA,2022-09-22 01:35:38,-17.9333,19.7667,57.29,13,0,6.89
375,Alofi,NU,2022-09-22 01:35:39,-19.0595,-169.9187,82.29,65,40,16.11
376,Mandurah,AU,2022-09-22 01:35:39,-32.55,115.7,57.9,53,100,7.02
377,Guangyuan,CN,2022-09-22 01:35:39,32.442,105.823,69.93,77,100,3.42
378,Elko,US,2022-09-22 01:35:40,41.0002,-115.5012,64.42,32,5,11.99
379,Charters Towers,AU,2022-09-22 01:35:40,-20.1,146.2667,86.43,38,3,3.62
380,Seddon,AU,2022-09-22 01:35:40,-37.8068,144.8916,73.31,75,20,9.22
381,Kahramanmaras,TR,2022-09-22 01:35:41,38.0,37.0,57.61,76,100,3.91
382,Hammerfest,NO,2022-09-22 01:35:41,70.6634,23.6821,50.45,100,100,11.5
383,Pingliang,CN,2022-09-22 01:35:41,35.5392,106.6861,66.2,25,79,13.62
384,Letterkenny,IE,2022-09-22 01:35:42,54.95,-7.7333,57.56,99,100,4.18
385,Cayenne,GF,2022-09-22 01:35:42,4.9333,-52.3333,77.04,88,0,3.44
386,Posevnaya,RU,2022-09-22 01:35:42,54.3006,83.3297,58.53,43,99,5.55
387,Alugan,PH,2022-09-22 01:35:43,12.2188,125.4808,87.03,65,97,6.87
388,Damghan,IR,2022-09-22 01:35:43,36.1683,54.348,68.79,26,0,2.08
389,Inhambane,MZ,2022-09-22 01:35:43,-23.865,35.3833,70.11,93,0,1.92
390,Camopi,GF,2022-09-22 01:35:44,3.1655,-52.3158,74.46,87,4,4.05
391,Azangaro,PE,2022-09-22 01:35:44,-14.9167,-70.2167,48.54,30,69,2.06
392,Nueva Loja,EC,2022-09-22 01:35:44,0.0847,-76.8828,75.13,78,92,2.46
393,Yertsevo,RU,2022-09-22 01:35:44,60.7966,40.086,43.77,96,100,3.51
394,Bubaque,GW,2022-09-22 01:35:45,11.2833,-15.8333,78.19,82,100,10.45
395,Ode,NG,2022-09-22 01:35:45,7.7899,5.7117,69.76,95,100,3.15
396,Alice Springs,AU,2022-09-22 01:33:44,-23.7,133.8833,74.75,22,0,8.05
397,Garissa,KE,2022-09-22 01:35:46,-0.4536,39.6401,73.35,82,83,14.92
398,Namatanai,PG,2022-09-22 01:35:46,-3.6667,152.4333,82.31,71,97,10.33
399,Belton,US,2022-09-22 01:35:46,38.812,-94.5319,69.69,52,100,18.41
400,Izhma,RU,2022-09-22 01:35:47,65.0083,53.9113,33.22,94,9,5.86
401,Zhangjiakou,CN,2022-09-22 01:35:47,40.81,114.8794,60.94,34,3,18.39
402,Sorland,NO,2022-09-22 01:35:47,67.667,12.6934,53.46,87,100,28.79
403,Jalu,LY,2022-09-22 01:35:48,29.0331,21.5482,78.22,48,3,12.68
404,Haines Junction,CA,2022-09-22 01:35:48,60.7522,-137.5108,64.35,32,100,4.61
405,Brebes,ID,2022-09-22 01:35:48,-6.8706,109.0369,82.6,70,100,5.46
406,Romans-Sur-Isere,FR,2022-09-22 01:35:49,45.0464,5.0562,53.4,85,0,2.75
407,Esso,RU,2022-09-22 01:35:49,55.9333,158.7,45.05,65,13,25.1
408,Chlorakas,CY,2022-09-22 01:35:49,34.8042,32.4083,77.88,61,0,13.8
409,Lima,PE,2022-09-22 01:35:49,-12.0432,-77.0282,59.9,82,100,9.22
410,Cardston,CA,2022-09-22 01:35:50,49.2,-113.3019,57.49,51,2,2.3
411,Qaqortoq,GL,2022-09-22 01:35:50,60.7167,-46.0333,42.8,68,98,3.36
412,Mersing,MY,2022-09-22 01:35:50,2.4312,103.8405,78.71,89,40,8.05
413,Burns Lake,CA,2022-09-22 01:36:51,54.2331,-125.7533,69.22,47,38,2.62
414,Mayo,US,2022-09-22 01:36:51,38.8876,-76.5119,78.12,82,0,4.61
415,Jadu,LY,2022-09-22 01:36:51,31.953,12.0261,66.27,75,40,6.71
416,Ribas Do Rio Pardo,BR,2022-09-22 01:32:33,-20.4431,-53.7592,75.56,76,73,3.74
417,Wawa,NG,2022-09-22 01:36:52,9.9022,4.4192,72.52,95,100,3.8
418,Kamaishi,JP,2022-09-22 01:36:52,39.2667,141.8833,65.77,72,100,5.17
419,Loiza,PR,2022-09-22 01:36:52,18.4313,-65.8802,84.18,74,0,4.61
420,Sao Caetano De Odivelas,BR,2022-09-22 01:36:53,-0.75,-48.02,77.61,78,5,8.59
421,San Ramon,US,2022-09-22 01:32:37,37.7799,-121.978,73.65,57,0,12.66
422,Kandi,BJ,2022-09-22 01:36:53,11.1342,2.9386,71.85,96,77,2.1
423,Pilar,BR,2022-09-22 01:36:54,-9.5972,-35.9567,71.53,93,1,3.47
424,Voi,KE,2022-09-22 01:36:54,-3.3945,38.563,69.4,77,100,9.37
425,Furano,JP,2022-09-22 01:36:54,43.2818,142.4743,54.9,46,0,6.11
426,Roald,NO,2022-09-22 01:36:55,62.5833,6.1333,61.72,67,100,5.75
427,Sharjah,AE,2022-09-22 01:36:54,25.3573,55.4033,87.78,73,0,4.61
428,Cairns,AU,2022-09-22 01:36:55,-16.9167,145.7667,91.06,69,68,9.22
429,Portland,US,2022-09-22 01:34:39,45.5234,-122.6762,75.42,56,75,12.66
430,Ginda,IN,2022-09-22 01:36:55,30.6945,78.4932,64.38,86,100,4.18
431,Taksimo,RU,2022-09-22 01:36:56,56.3444,114.8794,43.07,59,64,3.98
432,Cacu,BR,2022-09-22 01:36:56,-18.5567,-51.1308,78.35,57,83,2.68
433,Tigil,RU,2022-09-22 01:36:57,57.8,158.6667,48.61,64,30,31.45
434,Linjiang,CN,2022-09-22 01:36:57,41.8069,126.9078,63.93,41,50,5.57
435,Palana,RU,2022-09-22 01:36:57,59.1167,159.9667,43.05,78,63,38.45
436,Dwarka,IN,2022-09-22 01:36:58,22.2394,68.9678,79.83,73,52,10.18
437,Sitka,US,2022-09-22 01:33:11,57.0531,-135.33,57.09,88,100,0.0
438,Manokwari,ID,2022-09-22 01:36:58,-0.8667,134.0833,83.79,68,57,8.86
439,Salaga,GH,2022-09-22 01:36:59,8.5508,-0.5188,72.88,92,98,2.53
440,The Valley,AI,2022-09-22 01:36:59,18.217,-63.0578,84.06,81,81,19.26
441,Razlog,BG,2022-09-22 01:36:59,41.8863,23.4671,38.7,88,8,3.71
442,Nanga Eboko,CM,2022-09-22 01:37:00,4.6833,12.3667,68.09,99,100,2.89
443,Hwange,ZW,2022-09-22 01:37:00,-18.3693,26.5019,69.6,59,3,5.37
444,Dingle,PH,2022-09-22 01:37:00,10.9995,122.6711,83.59,77,100,6.35
445,Qurayyat,SA,2022-09-22 01:37:01,31.3318,37.3428,62.78,67,0,4.61
446,Matara,LK,2022-09-22 01:37:01,5.9485,80.5353,79.83,81,44,9.28
447,Kapit,MY,2022-09-22 01:37:01,2.0167,112.9333,85.82,64,81,2.08
448,Port Blair,IN,2022-09-22 01:37:02,11.6667,92.75,78.84,89,75,4.61
449,Orocue,CO,2022-09-22 01:37:02,4.7912,-71.3354,77.45,82,100,2.19
450,Clyde River,CA,2022-09-22 01:37:02,70.4692,-68.5914,25.03,93,75,8.05
451,Kaohsiung,TW,2022-09-22 01:35:47,22.6163,120.3133,85.95,68,40,4.0
452,Bilma,NE,2022-09-22 01:37:03,18.6853,12.9164,87.19,12,100,1.9
453,Hondo,JP,2022-09-22 01:37:03,32.45,130.2,73.69,59,57,5.1
454,Knysna,ZA,2022-09-22 01:37:04,-34.0363,23.0471,60.39,46,54,5.82
455,Lagoa,PT,2022-09-22 01:37:04,39.05,-27.9833,73.44,85,20,12.03
456,Atakpame,TG,2022-09-22 01:37:04,7.5333,1.1333,70.99,93,100,2.19
457,Aras,ES,2022-09-22 01:37:05,42.5617,-2.356,48.61,71,0,8.05
458,Wamba,NG,2022-09-22 01:37:05,8.9333,8.6,70.92,91,40,2.15
459,Itarema,BR,2022-09-22 01:37:06,-2.9248,-39.9167,77.47,77,1,15.68
460,Roma,US,2022-09-22 01:38:06,43.2128,-75.4557,72.63,80,0,5.75
461,Arman,RU,2022-09-22 01:38:06,59.7,150.1667,44.02,43,12,30.15
462,Mount Isa,AU,2022-09-22 01:38:07,-20.7333,139.5,76.77,27,100,9.22
463,Klyuchi,RU,2022-09-22 01:38:07,52.2667,79.1667,63.1,39,5,2.08
464,Udachnyy,RU,2022-09-22 01:38:07,66.4167,112.4,25.45,73,92,7.05
465,Antofagasta,CL,2022-09-22 01:38:07,-23.65,-70.4,56.48,70,15,6.89
466,Hauterive,FR,2022-09-22 01:38:08,46.0901,3.4459,43.56,70,6,1.81
467,Witu,KE,2022-09-22 01:38:08,-2.3889,40.4382,75.36,83,75,12.97
468,Grimshaw,CA,2022-09-22 01:38:09,56.1834,-117.6027,62.22,45,20,4.61
469,Charleston,US,2022-09-22 01:38:09,32.7766,-79.9309,80.02,91,0,5.75
470,Tateyama,JP,2022-09-22 01:38:09,34.9833,139.8667,74.1,65,97,17.87
471,Tuatapere,NZ,2022-09-22 01:38:10,-46.1333,167.6833,57.83,57,22,3.87
472,Lompoc,US,2022-09-22 01:38:10,34.6391,-120.4579,73.54,81,75,12.66
473,Saint George,US,2022-09-22 01:37:03,37.1041,-113.5841,86.59,30,0,17.27
474,Galveston,US,2022-09-22 01:38:10,29.3669,-94.9669,86.11,74,0,5.75
475,Maragogi,BR,2022-09-22 01:38:11,-9.0122,-35.2225,74.55,87,17,7.92
476,Manasa,IN,2022-09-22 01:38:11,24.4837,75.2687,74.66,80,73,8.21
477,Tura,IN,2022-09-22 01:38:11,25.5198,90.2201,77.43,90,91,4.94
478,Mantua,IT,2022-09-22 01:38:12,45.1667,10.7833,56.01,82,4,1.01
479,Watrous,CA,2022-09-22 01:38:12,51.6668,-105.4679,51.58,50,0,5.75
480,Nizwa,OM,2022-09-22 01:38:12,22.9333,57.5333,75.97,58,1,0.87
481,Fayetteville,US,2022-09-22 01:38:12,35.0527,-78.8784,79.02,71,0,0.0
482,Casselberry,US,2022-09-22 01:38:13,28.6778,-81.3279,80.02,89,75,8.05
483,Rocha,UY,2022-09-22 01:38:13,-34.4833,-54.3333,44.13,89,100,3.71
484,Toila,EE,2022-09-22 01:38:13,59.4236,27.5025,49.35,82,100,5.14
485,Aanekoski,FI,2022-09-22 01:38:14,62.6946,25.818,30.85,100,81,3.65
486,Ginir,ET,2022-09-22 01:38:14,7.1333,40.7,59.49,76,79,2.93
487,Ormara,PK,2022-09-22 01:38:14,25.2088,64.6357,79.14,83,30,10.85
488,Borogontsy,RU,2022-09-22 01:38:15,62.6683,131.1683,34.36,63,99,10.96
489,Tubmanburg,LR,2022-09-22 01:38:15,6.8708,-10.8172,71.06,99,100,2.15
490,West Bay,KY,2022-09-22 01:38:15,19.3667,-81.4167,84.27,81,20,5.75
491,Saint Anthony,US,2022-09-22 01:38:15,45.0205,-93.218,60.3,72,100,17.27
492,Williston,US,2022-09-22 01:37:02,48.147,-103.618,55.31,45,0,5.19
493,Aripuana,BR,2022-09-22 01:38:16,-9.1667,-60.6333,82.63,46,82,0.45
494,Diamantino,BR,2022-09-22 01:38:16,-14.4086,-56.4461,83.08,53,90,6.64
495,Rieti,IT,2022-09-22 01:38:17,42.4072,12.8592,54.61,80,6,5.95
496,Aquiraz,BR,2022-09-22 01:38:17,-3.9014,-38.3911,79.18,82,15,10.87
497,Faya,SA,2022-09-22 01:38:17,18.3851,42.4509,75.31,44,87,4.03
498,Shitanjing,CN,2022-09-22 01:38:18,39.2342,106.3439,56.16,24,0,10.89
499,Niteroi,BR,2022-09-22 01:34:05,-22.8833,-43.1036,71.6,86,100,4.61
500,Zhezkazgan,KZ,2022-09-22 01:38:18,47.8043,67.7144,48.18,37,0,8.95
501,Kennett,US,2022-09-22 01:38:18,36.2362,-90.0556,87.13,69,20,3.44
502,Saint-Pierre,RE,2022-09-22 01:38:19,-21.3393,55.4781,71.28,68,0,14.97
503,Jijiga,ET,2022-09-22 01:38:19,9.35,42.8,64.38,76,62,4.68
504,Alot,IN,2022-09-22 01:38:19,23.7667,75.55,72.72,82,97,12.8
505,Salta,AR,2022-09-22 01:38:20,-24.7859,-65.4117,52.39,85,75,9.22
506,Yeppoon,AU,2022-09-22 01:38:20,-23.1333,150.7333,80.38,56,15,8.32
507,Aksha,RU,2022-09-22 01:38:21,50.2814,113.2867,43.21,62,84,14.72
508,Tiznit,MA,2022-09-22 01:39:21,29.5833,-9.5,68.72,63,0,0.67
509,Adrar,MR,2022-09-22 01:39:21,20.5022,-10.0711,89.28,41,100,7.07
510,Taybad,IR,2022-09-22 01:39:22,34.74,60.7756,69.55,20,0,9.06
511,Semnan,IR,2022-09-22 01:39:22,35.5729,53.3971,72.09,30,2,2.71
512,Mandalgovi,MN,2022-09-22 01:39:22,45.7625,106.2708,40.23,37,0,22.75
513,Buraydah,SA,2022-09-22 01:39:23,26.326,43.975,77.45,22,5,7.25
514,Sioux Lookout,CA,2022-09-22 01:39:23,50.1001,-91.917,44.67,87,75,8.05
515,Hobyo,SO,2022-09-22 01:39:23,5.3505,48.5268,76.15,92,99,16.04
516,La Asuncion,VE,2022-09-22 01:39:24,11.0333,-63.8628,78.53,100,99,4.61
517,Petropavlovsk-Kamchatskiy,RU,2022-09-22 01:39:24,53.0452,158.6483,57.79,47,40,22.37
518,Mobaye,CF,2022-09-22 01:39:24,4.319,21.1786,69.08,98,93,1.74
519,Den Helder,NL,2022-09-22 01:39:25,52.9599,4.7593,51.78,86,3,5.01
520,Sabang,ID,2022-09-22 01:39:25,5.8933,95.3214,81.75,74,100,19.01
521,Luce,FR,2022-09-22 01:39:26,48.4369,1.4636,48.02,78,11,1.99
522,Stephenville,US,2022-09-22 01:39:26,32.2207,-98.2023,86.13,31,0,4.61
523,Cumra,TR,2022-09-22 01:39:27,37.5732,32.7745,53.74,78,0,3.8
524,Razvilka,RU,2022-09-22 01:39:27,55.5917,37.7408,50.34,100,100,8.95
525,Vostok,RU,2022-09-22 01:39:27,46.4856,135.8833,61.9,38,98,2.62
526,Villacarrillo,ES,2022-09-22 01:39:28,38.1156,-3.0848,63.66,69,21,1.43
527,Babstovo,RU,2022-09-22 01:39:29,48.1167,132.4833,63.86,58,97,8.88
528,Nizhneudinsk,RU,2022-09-22 01:39:29,54.9076,99.0276,50.63,61,100,3.24
529,Besikduzu,TR,2022-09-22 01:39:30,41.052,39.2284,66.09,92,100,5.1
530,Woodward,US,2022-09-22 01:39:30,36.4337,-99.3904,78.03,60,75,11.5
531,Yaan,NG,2022-09-22 01:39:31,7.3833,8.5667,71.89,97,100,3.89
532,Esil,KZ,2022-09-22 01:39:32,51.9556,66.4042,61.79,43,0,5.23
533,Estacion Coahuila,MX,2022-09-22 01:39:32,32.1939,-115.0017,90.18,40,2,13.91
534,Chama,CH,2022-09-22 01:39:33,47.1821,8.4636,46.62,93,4,0.0
535,Iisaku,EE,2022-09-22 01:39:33,59.1014,27.3081,45.28,92,41,4.79
536,Canavieiras,BR,2022-09-22 01:39:34,-15.675,-38.9472,72.32,88,95,7.65
537,Pangai,TO,2022-09-22 01:39:34,-19.8,-174.35,82.51,61,40,13.8
538,Samarai,PG,2022-09-22 01:39:34,-10.6167,150.6667,79.48,84,99,11.36
539,Ambilobe,MG,2022-09-22 01:39:35,-13.2,49.05,72.25,74,88,3.02
540,Ostersund,SE,2022-09-22 01:39:35,63.1792,14.6357,45.05,70,99,9.22
541,Pundaguitan,PH,2022-09-22 01:39:35,6.3711,126.1689,83.88,67,55,3.27
542,Khani,GE,2022-09-22 01:39:36,41.9563,42.9566,56.77,98,100,2.42
543,Luderitz,NA,2022-09-22 01:39:36,-26.6481,15.1594,56.71,57,0,7.87
544,Tampere,FI,2022-09-22 01:39:37,61.4991,23.7871,34.16,100,100,1.14
545,Arlit,NE,2022-09-22 01:39:37,18.7369,7.3853,92.12,27,82,5.03
546,Puerto Del Rosario,ES,2022-09-22 01:39:37,28.5004,-13.8627,74.95,78,20,18.41
547,Grindavik,IS,2022-09-22 01:39:38,63.8424,-22.4338,48.67,93,75,9.22
548,Kirkuk,IQ,2022-09-22 01:39:38,35.4681,44.3922,82.54,32,96,14.97
549,Broken Hill,AU,2022-09-22 01:39:39,-31.95,141.4333,61.38,68,98,14.34
550,Poya,NC,2022-09-22 01:39:39,-21.35,165.15,80.65,56,3,10.16
551,Fengrun,CN,2022-09-22 01:39:39,39.8333,118.1167,64.17,70,100,3.62
552,Jiangyou,CN,2022-09-22 01:39:40,31.7667,104.7167,70.23,86,100,3.78
553,Mackay,AU,2022-09-22 01:36:51,-21.15,149.2,87.67,73,14,11.92
554,Margate,GB,2022-09-22 01:39:40,51.3813,1.3862,51.91,69,14,6.67
555,Gravenhurst,CA,2022-09-22 01:36:29,44.9168,-79.3663,65.77,82,100,10.36
556,Palafrugell,ES,2022-09-22 01:37:06,41.9174,3.1631,64.71,53,0,5.01
557,Sao Joao Do Piaui,BR,2022-09-22 01:40:41,-8.3581,-42.2467,79.2,37,91,4.5
558,Nizhniy Odes,RU,2022-09-22 01:40:41,63.6445,54.856,32.88,96,4,4.07
559,Kalmunai,LK,2022-09-22 01:40:42,7.4167,81.8167,81.21,74,15,2.37
560,Gizo,SB,2022-09-22 01:40:42,-8.103,156.8419,80.46,69,99,3.6
561,Vilhena,BR,2022-09-22 01:40:42,-12.7406,-60.1458,79.23,49,89,2.68
562,Maningrida,AU,2022-09-22 01:40:43,-12.0667,134.2667,90.36,44,52,8.48
563,Swan River,CA,2022-09-22 01:40:43,52.1058,-101.2676,46.29,71,79,3.44
564,Muana,BR,2022-09-22 01:40:43,-1.5283,-49.2167,77.7,82,53,8.14
565,Kashi,CN,2022-09-22 01:40:44,39.4547,75.9797,61.81,59,40,15.66
566,Gari,RU,2022-09-22 01:40:44,59.4307,62.3497,44.02,95,37,5.23
567,Pucallpa,PE,2022-09-22 01:36:34,-8.3791,-74.5539,84.24,70,40,3.44
